Arly;Plumer;aplumer0@illinois.edu;Female
Angeli;MacKomb;amackomb1@slate.com;Male
Marin;Jaggard;mjaggard2@naver.com;Female
Orsa;Thickin;othickin3@cloudflare.com;Female
Yule;Butten;ybutten4@google.com.br;Male
Hendrik;MacLaughlin;hmaclaughlin5@hexun.com;Male
Angie;Pettegre;apettegre6@hugedomains.com;Female
Martyn;Scaice;mscaice7@rakuten.co.jp;Male
Dov;Andriss;dandriss8@ezinearticles.com;Male
Bay;Mullinder;bmullinder9@friendfeed.com;Male
Andrus;Rider;aridera@amazon.de;Male
Genni;Lunny;glunnyb@miibeian.gov.cn;Female
Neille;Merrigan;nmerriganc@techcrunch.com;Female
Quentin;Longstaff;qlongstaffd@noaa.gov;Male
Amble;Baldocci;abaldoccie@amazon.com;Male
Shandie;Mehmet;smehmetf@telegraph.co.uk;Female
Haywood;Joffe;hjoffeg@wikipedia.org;Male
Brucie;Tommaseo;btommaseoh@miitbeian.gov.cn;Male
Robb;Rubinsztein;rrubinszteini@oakley.com;Male
Ceil;McEntegart;cmcentegartj@webs.com;Female
Frederich;Mandrake;fmandrakek@sciencedaily.com;Male
Ingar;Sailor;isailorl@homestead.com;Male
Wenda;Owthwaite;wowthwaitem@hud.gov;Female
Lemmy;Ingold;lingoldn@mysql.com;Male
Burgess;Bittlestone;bbittlestoneo@digg.com;Male
Roth;Ummfrey;rummfreyp@fema.gov;Male
Aileen;Jira;ajiraq@aol.com;Female
Valentine;Fleisch;vfleischr@techcrunch.com;Female
Austine;Dugald;adugalds@elegantthemes.com;Female
Eada;Huge;ehuget@simplemachines.org;Female
Kristyn;Moxstead;kmoxsteadu@weather.com;Female
Livia;Rubes;lrubesv@globo.com;Female
Brigg;Gollard;bgollardw@g.co;Male
Brandais;Kaemena;bkaemenax@vinaora.com;Female
Eziechiele;Narraway;enarrawayy@cdbaby.com;Male
Doug;Balazs;dbalazsz@oracle.com;Male
Laughton;Hollows;lhollows10@fc2.com;Male
Aloisia;Brisker;abrisker11@yahoo.co.jp;Female
Arda;Chester;achester12@instagram.com;Female
Boony;Sprosson;bsprosson13@slate.com;Male
Marlena;Calvard;mcalvard14@boston.com;Female
Ethelred;Ezele;eezele15@msu.edu;Male
Garrard;Southcoat;gsouthcoat16@businessinsider.com;Male
Dedra;Graddon;dgraddon17@geocities.jp;Female
Rockey;Byne;rbyne18@exblog.jp;Male
Noellyn;Swaddle;nswaddle19@loc.gov;Female
Juan;Ditchfield;jditchfield1a@angelfire.com;Male
Ania;Pes;apes1b@php.net;Female
Teressa;Sire;tsire1c@google.it;Female
Vallie;Kirsz;vkirsz1d@google.es;Female
Torrie;Warbrick;twarbrick1e@google.ru;Female
Harlie;Mulqueeny;hmulqueeny1f@wix.com;Female
Myron;Benech;mbenech1g@bbc.co.uk;Male
Nevsa;Vidyapin;nvidyapin1h@illinois.edu;Female
Konstantin;Manach;kmanach1i@51.la;Male
Edin;Perrins;eperrins1j@g.co;Female
Tadeas;Samart;tsamart1k@mozilla.org;Male
Vivyan;Mcwhinney;vmcwhinney1l@go.com;Female
Artur;Greenway;agreenway1m@apache.org;Male
Wittie;Hadwin;whadwin1n@tinyurl.com;Male
Aileen;Kobisch;akobisch1o@google.es;Female
Mendel;Manion;mmanion1p@blinklist.com;Male
Shayne;Gravells;sgravells1q@twitter.com;Male
Krystalle;Tandy;ktandy1r@tinypic.com;Female
Renee;Dyton;rdyton1s@comsenz.com;Female
Wynne;Timoney;wtimoney1t@creativecommons.org;Female
Pace;Robelin;probelin1u@deliciousdays.com;Male
Tait;Luff;tluff1v@issuu.com;Male
Normand;Hows;nhows1w@microsoft.com;Male
Jason;Tremathack;jtremathack1x@studiopress.com;Male
Jasen;Jain;jjain1y@bbb.org;Male
Lanni;Cattell;lcattell1z@facebook.com;Female
Patty;Manuaud;pmanuaud20@linkedin.com;Female
Morrie;Todhunter;mtodhunter21@sphinn.com;Male
Michaeline;Shenley;mshenley22@netvibes.com;Female
Torey;Staden;tstaden23@ihg.com;Female
Leupold;Vinsen;lvinsen24@discuz.net;Male
Northrup;Sopper;nsopper25@un.org;Male
Khalil;Brash;kbrash26@accuweather.com;Male
Candi;Gorse;cgorse27@addthis.com;Female
Chip;Batchelor;cbatchelor28@usgs.gov;Male
Ruthi;Giorgio;rgiorgio29@gov.uk;Female
Bjorn;Dunkerk;bdunkerk2a@nbcnews.com;Male
Trev;Fullun;tfullun2b@nationalgeographic.com;Male
Marty;Pleming;mpleming2c@economist.com;Male
Miriam;Radwell;mradwell2d@upenn.edu;Female
Arlette;Deakan;adeakan2e@eepurl.com;Female
Dixie;Lothean;dlothean2f@sbwire.com;Female
Colan;Bellham;cbellham2g@craigslist.org;Male
Della;Maes;dmaes2h@discuz.net;Female
Umberto;Paik;upaik2i@flickr.com;Male
Kyla;Stanyer;kstanyer2j@joomla.org;Female
Johnath;Farragher;jfarragher2k@tripod.com;Female
Grover;Ivashchenko;givashchenko2l@privacy.gov.au;Male
Carl;Elbourne;celbourne2m@goodreads.com;Male
Briggs;McKevany;bmckevany2n@cpanel.net;Male
Sande;Candie;scandie2o@flavors.me;Female
Izaak;Watsam;iwatsam2p@aboutads.info;Male
Josias;Ebbutt;jebbutt2q@bandcamp.com;Male
Verla;Lawman;vlawman2r@umn.edu;Female
